Time,Biomass Total, Bio Plants, Bio Herb, Bio Pred1, Bio Pred2, Pop Plants, Pop Herb, Pop Pred1, Pop Pred2,Grass, Tree, White Rabbit, Sheep, Cow, Elephant, Fox, Wolf, Coyote, Lion, Red sheep, Blue tree, 
1.0, 0, 0, 0, 0, 0, 51, 20, 3, 0, 31, 15, 0, 15, 0, 0, 0, 3, 0, 0, 5, 5
2.0, 31457, 29305, 2017, 134, 0, 50, 20, 3, 0, 30, 15, 0, 15, 0, 0, 0, 3, 0, 0, 5, 5
3.0, 31668, 29517, 2017, 134, 0, 50, 20, 3, 0, 30, 15, 0, 15, 0, 0, 0, 3, 0, 0, 5, 5
7.2, 32551, 30400, 2017, 134, 0, 50, 20, 3, 0, 30, 15, 0, 15, 0, 0, 0, 3, 0, 0, 5, 5
8.0, 33931, 31780, 2017, 134, 0, 50, 20, 3, 0, 30, 15, 0, 15, 0, 0, 0, 3, 0, 0, 5, 5
9.0, 34852, 32701, 2017, 134, 0, 50, 20, 3, 0, 30, 15, 0, 15, 0, 0, 0, 3, 0, 0, 5, 5
10.0, 35158, 33007, 2017, 134, 0, 48, 20, 3, 0, 28, 15, 0, 15, 0, 0, 0, 3, 0, 0, 5, 5
11.0, 35671, 33519, 2017, 134, 0, 44, 20, 3, 0, 24, 15, 0, 15, 0, 0, 0, 3, 0, 0, 5, 5
12.0, 36229, 34078, 2017, 134, 0, 41, 20, 3, 0, 21, 15, 0, 15, 0, 0, 0, 3, 0, 0, 5, 5
13.0, 36616, 34465, 2017, 134, 0, 40, 19, 3, 0, 20, 15, 0, 15, 0, 0, 0, 3, 0, 0, 4, 5
14.0, 37077, 34926, 2016, 134, 0, 40, 18, 3, 0, 20, 15, 0, 14, 0, 0, 0, 3, 0, 0, 4, 5
15.0, 37613, 35463, 2015, 134, 0, 38, 18, 3, 0, 18, 15, 0, 14, 0, 0, 0, 3, 0, 0, 4, 5
16.0, 38164, 36017, 2013, 134, 0, 38, 18, 3, 0, 18, 15, 0, 14, 0, 0, 0, 3, 0, 0, 4, 5
17.0, 38483, 36341, 2007, 134, 0, 38, 18, 3, 0, 18, 15, 0, 14, 0, 0, 0, 3, 0, 0, 4, 5
18.0, 38979, 36999, 1845, 134, 0, 38, 18, 3, 0, 18, 15, 0, 14, 0, 0, 0, 3, 0, 0, 4, 5
19.0, 39318, 37428, 1755, 134, 0, 37, 18, 3, 0, 17, 15, 0, 14, 0, 0, 0, 3, 0, 0, 4, 5
20.0, 39680, 37798, 1747, 134, 0, 37, 18, 3, 0, 17, 15, 0, 14, 0, 0, 0, 3, 0, 0, 4, 5
21.0, 40275, 38389, 1751, 134, 0, 37, 18, 3, 0, 17, 15, 0, 14, 0, 0, 0, 3, 0, 0, 4, 5
22.0, 40638, 38757, 1746, 134, 0, 37, 18, 3, 0, 17, 15, 0, 14, 0, 0, 0, 3, 0, 0, 4, 5
23.0, 41339, 39462, 1742, 134, 0, 37, 18, 3, 0, 17, 15, 0, 14, 0, 0, 0, 3, 0, 0, 4, 5
24.0, 41700, 39828, 1737, 134, 0, 36, 18, 3, 0, 16, 15, 0, 14, 0, 0, 0, 3, 0, 0, 4, 5
25.0, 42109, 40230, 1745, 134, 0, 36, 18, 3, 0, 16, 15, 0, 14, 0, 0, 0, 3, 0, 0, 4, 5
26.0, 42648, 40772, 1741, 134, 0, 35, 18, 3, 0, 15, 15, 0, 14, 0, 0, 0, 3, 0, 0, 4, 5
27.0, 43213, 41342, 1736, 134, 0, 35, 18, 3, 0, 15, 15, 0, 14, 0, 0, 0, 3, 0, 0, 4, 5
28.0, 43636, 41769, 1731, 134, 0, 35, 18, 3, 0, 15, 15, 0, 14, 0, 0, 0, 3, 0, 0, 4, 5
29.0, 44045, 42183, 1727, 134, 0, 35, 17, 3, 0, 15, 15, 0, 13, 0, 0, 0, 3, 0, 0, 4, 5
30.0, 44580, 42724, 1721, 134, 0, 35, 16, 3, 0, 15, 15, 0, 12, 0, 0, 0, 3, 0, 0, 4, 5
31.0, 45109, 43256, 1718, 134, 0, 34, 14, 3, 0, 14, 15, 0, 10, 0, 0, 0, 3, 0, 0, 4, 5
32.0, 45442, 43591, 1716, 134, 0, 34, 14, 3, 0, 14, 15, 0, 10, 0, 0, 0, 3, 0, 0, 4, 5
33.0, 46023, 44174, 1715, 134, 0, 34, 14, 3, 0, 14, 15, 0, 10, 0, 0, 0, 3, 0, 0, 4, 5
34.0, 46329, 44558, 1636, 134, 0, 34, 14, 3, 0, 14, 15, 0, 10, 0, 0, 0, 3, 0, 0, 4, 5
35.0, 46945, 45256, 1554, 134, 0, 34, 14, 3, 0, 14, 15, 0, 10, 0, 0, 0, 3, 0, 0, 4, 5
36.0, 47104, 45528, 1442, 133, 0, 34, 14, 3, 0, 14, 15, 0, 10, 0, 0, 0, 3, 0, 0, 4, 5
37.0, 47711, 46137, 1440, 133, 0, 34, 14, 3, 0, 14, 15, 0, 10, 0, 0, 0, 3, 0, 0, 4, 5
38.0, 48088, 46518, 1437, 132, 0, 34, 14, 3, 0, 14, 15, 0, 10, 0, 0, 0, 3, 0, 0, 4, 5
39.0, 48714, 47148, 1433, 131, 0, 33, 14, 3, 0, 13, 15, 0, 10, 0, 0, 0, 3, 0, 0, 4, 5
40.0, 49043, 47482, 1429, 131, 0, 33, 14, 3, 0, 13, 15, 0, 10, 0, 0, 0, 3, 0, 0, 4, 5
41.0, 49571, 48009, 1431, 130, 0, 33, 12, 3, 0, 13, 15, 0, 9, 0, 0, 0, 3, 0, 0, 3, 5
42.0, 50134, 48575, 1429, 129, 0, 33, 12, 3, 0, 13, 15, 0, 9, 0, 0, 0, 3, 0, 0, 3, 5
43.0, 50565, 49008, 1428, 129, 0, 33, 12, 3, 0, 13, 15, 0, 9, 0, 0, 0, 3, 0, 0, 3, 5
44.0, 51029, 49471, 1426, 131, 0, 33, 11, 3, 0, 13, 15, 0, 9, 0, 0, 0, 3, 0, 0, 2, 5
45.0, 51542, 49983, 1424, 134, 0, 33, 11, 3, 0, 13, 15, 0, 9, 0, 0, 0, 3, 0, 0, 2, 5
46.0, 51853, 50506, 1212, 134, 0, 33, 11, 3, 0, 13, 15, 0, 9, 0, 0, 0, 3, 0, 0, 2, 5
47.0, 52257, 50912, 1210, 134, 0, 33, 11, 3, 0, 13, 15, 0, 9, 0, 0, 0, 3, 0, 0, 2, 5
48.0, 52784, 51441, 1208, 134, 0, 33, 11, 3, 0, 13, 15, 0, 9, 0, 0, 0, 3, 0, 0, 2, 5
49.0, 53018, 51842, 1041, 134, 0, 33, 11, 3, 0, 13, 15, 0, 9, 0, 0, 0, 3, 0, 0, 2, 5
50.0, 53637, 52462, 1040, 134, 0, 32, 10, 3, 0, 12, 15, 0, 8, 0, 0, 0, 3, 0, 0, 2, 5
51.0, 54012, 52837, 1040, 134, 0, 32, 10, 3, 0, 12, 15, 0, 8, 0, 0, 0, 3, 0, 0, 2, 5
52.0, 54633, 53458, 1040, 134, 0, 32, 10, 3, 0, 12, 15, 0, 8, 0, 0, 0, 3, 0, 0, 2, 5
53.0, 54958, 53784, 1039, 134, 0, 32, 10, 3, 0, 12, 15, 0, 8, 0, 0, 0, 3, 0, 0, 2, 5
54.0, 55529, 54355, 1039, 134, 0, 32, 10, 3, 0, 12, 15, 0, 8, 0, 0, 0, 3, 0, 0, 2, 5
55.0, 55938, 54823, 979, 134, 0, 32, 10, 3, 0, 12, 15, 0, 8, 0, 0, 0, 3, 0, 0, 2, 5
56.0, 56516, 55402, 979, 134, 0, 32, 10, 3, 0, 12, 15, 0, 8, 0, 0, 0, 3, 0, 0, 2, 5
57.0, 56977, 55862, 979, 134, 0, 32, 10, 3, 0, 12, 15, 0, 8, 0, 0, 0, 3, 0, 0, 2, 5
58.0, 57453, 56339, 979, 134, 0, 32, 10, 3, 0, 12, 15, 0, 8, 0, 0, 0, 3, 0, 0, 2, 5
59.0, 57804, 56690, 979, 134, 0, 32, 10, 3, 0, 12, 15, 0, 8, 0, 0, 0, 3, 0, 0, 2, 5
60.0, 58393, 57279, 979, 134, 0, 32, 10, 3, 0, 12, 15, 0, 8, 0, 0, 0, 3, 0, 0, 2, 5
61.0, 58903, 57789, 979, 133, 0, 32, 10, 3, 0, 12, 15, 0, 8, 0, 0, 0, 3, 0, 0, 2, 5
62.0, 59365, 58252, 979, 133, 0, 32, 10, 3, 0, 12, 15, 0, 8, 0, 0, 0, 3, 0, 0, 2, 5
63.0, 59810, 58662, 1016, 132, 0, 32, 11, 3, 0, 12, 15, 0, 9, 0, 0, 0, 3, 0, 0, 2, 5
64.0, 60362, 59211, 1019, 131, 0, 31, 11, 3, 0, 11, 15, 0, 9, 0, 0, 0, 3, 0, 0, 2, 5
65.0, 60955, 59805, 1019, 130, 0, 31, 10, 3, 0, 11, 15, 0, 8, 0, 0, 0, 3, 0, 0, 2, 5
66.0, 61316, 60167, 1018, 130, 0, 31, 10, 3, 0, 11, 15, 0, 8, 0, 0, 0, 3, 0, 0, 2, 5
67.0, 61760, 60612, 1018, 129, 0, 31, 10, 3, 0, 11, 15, 0, 8, 0, 0, 0, 3, 0, 0, 2, 5
68.0, 62381, 61196, 1056, 128, 0, 31, 10, 3, 0, 11, 15, 0, 8, 0, 0, 0, 3, 0, 0, 2, 5
69.0, 62823, 61629, 1058, 134, 0, 31, 10, 3, 0, 11, 15, 0, 8, 0, 0, 0, 3, 0, 0, 2, 5
70.0, 63274, 62159, 980, 134, 0, 31, 10, 3, 0, 11, 15, 0, 8, 0, 0, 0, 3, 0, 0, 2, 5
71.0, 63674, 62560, 979, 134, 0, 31, 10, 3, 0, 11, 15, 0, 8, 0, 0, 0, 3, 0, 0, 2, 5
72.0, 64308, 63190, 983, 134, 0, 31, 10, 3, 0, 11, 15, 0, 8, 0, 0, 0, 3, 0, 0, 2, 5
73.0, 64615, 63573, 907, 134, 0, 30, 10, 3, 0, 10, 15, 0, 8, 0, 0, 0, 3, 0, 0, 2, 5
74.0, 65121, 64076, 910, 134, 0, 30, 10, 3, 0, 10, 15, 0, 8, 0, 0, 0, 3, 0, 0, 2, 5
75.0, 65649, 64567, 947, 134, 0, 30, 10, 3, 0, 10, 15, 0, 8, 0, 0, 0, 3, 0, 0, 2, 5
76.0, 66017, 64935, 947, 134, 0, 29, 10, 3, 0, 9, 15, 0, 8, 0, 0, 0, 3, 0, 0, 2, 5
77.0, 66485, 65403, 947, 134, 0, 29, 10, 3, 0, 9, 15, 0, 8, 0, 0, 0, 3, 0, 0, 2, 5
78.0, 66617, 65531, 950, 134, 0, 29, 10, 3, 0, 9, 15, 0, 8, 0, 0, 0, 3, 0, 0, 2, 5
79.0, 66704, 65619, 950, 134, 0, 29, 10, 3, 0, 9, 15, 0, 8, 0, 0, 0, 3, 0, 0, 2, 5
80.0, 66800, 65641, 1024, 134, 0, 29, 11, 3, 0, 9, 15, 0, 8, 0, 0, 0, 3, 0, 0, 3, 5
81.0, 66861, 65659, 1066, 134, 0, 29, 11, 3, 0, 9, 15, 0, 8, 0, 0, 0, 3, 0, 0, 3, 5
82.0, 66900, 65698, 1066, 134, 0, 29, 11, 3, 0, 9, 15, 0, 8, 0, 0, 0, 3, 0, 0, 3, 5
83.0, 66899, 65698, 1066, 134, 0, 29, 11, 3, 0, 9, 15, 0, 8, 0, 0, 0, 3, 0, 0, 3, 5
84.0, 66899, 65698, 1066, 134, 0, 29, 11, 3, 0, 9, 15, 0, 8, 0, 0, 0, 3, 0, 0, 3, 5
85.0, 66884, 65677, 1073, 133, 0, 29, 11, 3, 0, 9, 15, 0, 8, 0, 0, 0, 3, 0, 0, 3, 5
86.0, 66897, 65691, 1073, 132, 0, 29, 11, 3, 0, 9, 15, 0, 8, 0, 0, 0, 3, 0, 0, 3, 5
87.0, 66911, 65687, 1073, 150, 0, 29, 11, 4, 0, 9, 15, 0, 8, 0, 0, 0, 4, 0, 0, 3, 5
88.0, 66942, 65718, 1073, 150, 0, 29, 11, 4, 0, 9, 15, 0, 8, 0, 0, 0, 4, 0, 0, 3, 5
89.0, 66947, 65718, 1080, 149, 0, 29, 11, 4, 0, 9, 15, 0, 8, 0, 0, 0, 4, 0, 0, 3, 5
90.0, 66938, 65710, 1080, 148, 0, 31, 11, 4, 0, 11, 15, 0, 8, 0, 0, 0, 4, 0, 0, 3, 5
91.0, 67015, 65712, 1156, 146, 0, 31, 11, 4, 0, 11, 15, 0, 8, 0, 0, 0, 4, 0, 0, 3, 5
92.0, 66999, 65697, 1156, 145, 0, 31, 11, 4, 0, 11, 15, 0, 8, 0, 0, 0, 4, 0, 0, 3, 5
93.0, 66998, 65698, 1156, 144, 0, 31, 11, 4, 0, 11, 15, 0, 8, 0, 0, 0, 4, 0, 0, 3, 5
94.0, 66984, 65685, 1156, 142, 0, 31, 11, 4, 0, 11, 15, 0, 8, 0, 0, 0, 4, 0, 0, 3, 5
95.0, 66978, 65681, 1156, 140, 0, 33, 11, 4, 0, 13, 15, 0, 8, 0, 0, 0, 4, 0, 0, 3, 5
96.0, 67008, 65714, 1156, 138, 0, 33, 11, 4, 0, 13, 15, 0, 8, 0, 0, 0, 4, 0, 0, 3, 5
97.0, 67017, 65708, 1156, 153, 0, 33, 11, 4, 0, 13, 15, 0, 8, 0, 0, 0, 4, 0, 0, 3, 5
98.0, 67022, 65710, 1156, 155, 0, 33, 11, 4, 0, 13, 15, 0, 8, 0, 0, 0, 4, 0, 0, 3, 5
99.0, 67042, 65698, 1189, 153, 0, 33, 12, 4, 0, 13, 15, 0, 9, 0, 0, 0, 4, 0, 0, 3, 5
100.0, 67043, 65698, 1192, 151, 0, 33, 12, 4, 0, 13, 15, 0, 9, 0, 0, 0, 4, 0, 0, 3, 5
101.0, 67025, 65682, 1192, 149, 0, 33, 12, 4, 0, 13, 15, 0, 9, 0, 0, 0, 4, 0, 0, 3, 5
102.0, 67023, 65682, 1192, 147, 0, 33, 12, 4, 0, 13, 15, 0, 9, 0, 0, 0, 4, 0, 0, 3, 5
103.0, 67050, 65674, 1229, 145, 0, 33, 13, 3, 0, 13, 15, 0, 10, 0, 0, 0, 3, 0, 0, 3, 5
104.0, 67052, 65674, 1232, 144, 0, 33, 13, 3, 0, 13, 15, 0, 10, 0, 0, 0, 3, 0, 0, 3, 5
105.0, 67059, 65680, 1236, 143, 0, 33, 13, 3, 0, 13, 15, 0, 10, 0, 0, 0, 3, 0, 0, 3, 5
106.0, 67055, 65676, 1236, 143, 0, 33, 13, 3, 0, 13, 15, 0, 10, 0, 0, 0, 3, 0, 0, 3, 5
107.0, 67054, 65676, 1236, 141, 0, 33, 13, 2, 0, 13, 15, 0, 10, 0, 0, 0, 2, 0, 0, 3, 5
108.0, 67043, 65694, 1239, 109, 0, 33, 13, 2, 0, 13, 15, 0, 10, 0, 0, 0, 2, 0, 0, 3, 5
109.0, 67041, 65690, 1242, 107, 0, 33, 13, 2, 0, 13, 15, 0, 10, 0, 0, 0, 2, 0, 0, 3, 5
110.0, 67050, 65666, 1276, 106, 0, 33, 13, 2, 0, 13, 15, 0, 10, 0, 0, 0, 2, 0, 0, 3, 5
111.0, 67048, 65666, 1276, 105, 0, 33, 13, 2, 0, 13, 15, 0, 10, 0, 0, 0, 2, 0, 0, 3, 5
112.0, 67044, 65658, 1312, 73, 0, 33, 14, 1, 0, 13, 15, 0, 11, 0, 0, 0, 1, 0, 0, 3, 5
113.0, 67064, 65672, 1319, 72, 0, 33, 14, 1, 0, 13, 15, 0, 11, 0, 0, 0, 1, 0, 0, 3, 5
114.0, 67055, 65664, 1319, 71, 0, 33, 14, 1, 0, 13, 15, 0, 11, 0, 0, 0, 1, 0, 0, 3, 5
115.0, 67055, 65664, 1319, 70, 0, 33, 14, 1, 0, 13, 15, 0, 11, 0, 0, 0, 1, 0, 0, 3, 5
116.0, 67084, 65656, 1357, 70, 0, 33, 14, 1, 0, 13, 15, 0, 11, 0, 0, 0, 1, 0, 0, 3, 5
117.0, 67071, 65674, 1360, 36, 0, 33, 14, 1, 0, 13, 15, 0, 11, 0, 0, 0, 1, 0, 0, 3, 5
118.0, 67073, 65676, 1360, 36, 0, 35, 14, 1, 0, 15, 15, 0, 11, 0, 0, 0, 1, 0, 0, 3, 5
119.0, 67085, 65689, 1360, 35, 0, 35, 14, 1, 0, 15, 15, 0, 11, 0, 0, 0, 1, 0, 0, 3, 5
120.0, 67080, 65685, 1360, 34, 0, 35, 14, 1, 0, 15, 15, 0, 11, 0, 0, 0, 1, 0, 0, 3, 5
121.0, 67098, 65703, 1360, 34, 0, 35, 14, 1, 0, 15, 15, 0, 11, 0, 0, 0, 1, 0, 0, 3, 5
122.0, 67088, 65691, 1363, 33, 0, 35, 14, 1, 0, 15, 15, 0, 11, 0, 0, 0, 1, 0, 0, 3, 5
123.0, 67088, 65691, 1363, 32, 0, 37, 14, 1, 0, 17, 15, 0, 11, 0, 0, 0, 1, 0, 0, 3, 5
124.0, 67097, 65701, 1363, 32, 0, 37, 14, 1, 0, 17, 15, 0, 11, 0, 0, 0, 1, 0, 0, 3, 5
125.0, 67132, 65699, 1400, 31, 0, 39, 14, 1, 0, 19, 15, 0, 11, 0, 0, 0, 1, 0, 0, 3, 5
126.0, 67130, 65698, 1400, 30, 0, 39, 14, 1, 0, 19, 15, 0, 11, 0, 0, 0, 1, 0, 0, 3, 5
127.0, 67143, 65712, 1400, 30, 0, 39, 14, 0, 0, 19, 15, 0, 11, 0, 0, 0, 0, 0, 0, 3, 5
128.0, 67140, 65709, 1400, 30, 0, 39, 14, 0, 0, 19, 15, 0, 11, 0, 0, 0, 0, 0, 0, 3, 5
129.0, 67128, 65697, 1400, 30, 0, 39, 14, 0, 0, 19, 15, 0, 11, 0, 0, 0, 0, 0, 0, 3, 5
130.0, 67142, 65711, 1400, 30, 0, 39, 14, 0, 0, 19, 15, 0, 11, 0, 0, 0, 0, 0, 0, 3, 5
131.0, 67173, 65742, 1400, 30, 0, 39, 14, 0, 0, 19, 15, 0, 11, 0, 0, 0, 0, 0, 0, 3, 5
132.0, 67123, 65722, 1400, 0, 0, 39, 14, 0, 0, 19, 15, 0, 11, 0, 0, 0, 0, 0, 0, 3, 5
133.0, 67119, 65718, 1400, 0, 0, 39, 14, 0, 0, 19, 15, 0, 11, 0, 0, 0, 0, 0, 0, 3, 5
134.0, 67116, 65715, 1400, 0, 0, 39, 14, 0, 0, 19, 15, 0, 11, 0, 0, 0, 0, 0, 0, 3, 5
135.0, 67112, 65711, 1400, 0, 0, 39, 14, 0, 0, 19, 15, 0, 11, 0, 0, 0, 0, 0, 0, 3, 5
136.0, 67139, 65703, 1436, 0, 0, 39, 15, 0, 0, 19, 15, 0, 12, 0, 0, 0, 0, 0, 0, 3, 5
137.0, 67131, 65691, 1439, 0, 0, 39, 15, 0, 0, 19, 15, 0, 12, 0, 0, 0, 0, 0, 0, 3, 5
138.0, 67154, 65679, 1474, 0, 0, 39, 16, 0, 0, 19, 15, 0, 13, 0, 0, 0, 0, 0, 0, 3, 5
139.0, 67172, 65694, 1477, 0, 0, 39, 16, 0, 0, 19, 15, 0, 13, 0, 0, 0, 0, 0, 0, 3, 5
140.0, 67164, 65686, 1477, 0, 0, 39, 16, 0, 0, 19, 15, 0, 13, 0, 0, 0, 0, 0, 0, 3, 5
143.4, 67156, 65678, 1477, 0, 0, 39, 16, 0, 0, 19, 15, 0, 13, 0, 0, 0, 0, 0, 0, 3, 5
144.0, 67170, 65689, 1481, 0, 0, 39, 16, 0, 0, 19, 15, 0, 13, 0, 0, 0, 0, 0, 0, 3, 5
145.0, 67183, 65695, 1487, 0, 0, 39, 16, 0, 0, 19, 15, 0, 13, 0, 0, 0, 0, 0, 0, 3, 5
146.0, 67289, 65720, 1569, 0, 0, 39, 17, 0, 0, 19, 15, 0, 14, 0, 0, 0, 0, 0, 0, 3, 5
147.0, 67328, 65730, 1598, 0, 0, 39, 17, 0, 0, 19, 15, 0, 14, 0, 0, 0, 0, 0, 0, 3, 5
148.0, 67324, 65726, 1598, 0, 0, 39, 17, 0, 0, 19, 15, 0, 14, 0, 0, 0, 0, 0, 0, 3, 5
149.0, 67313, 65714, 1598, 0, 0, 39, 17, 0, 0, 19, 15, 0, 14, 0, 0, 0, 0, 0, 0, 3, 5
150.0, 67313, 65715, 1598, 0, 0, 39, 17, 0, 0, 19, 15, 0, 14, 0, 0, 0, 0, 0, 0, 3, 5
151.0, 67348, 65715, 1633, 0, 0, 39, 18, 0, 0, 19, 15, 0, 15, 0, 0, 0, 0, 0, 0, 3, 5
152.0, 67348, 65712, 1636, 0, 0, 39, 18, 0, 0, 19, 15, 0, 15, 0, 0, 0, 0, 0, 0, 3, 5
153.0, 67348, 65712, 1636, 0, 0, 39, 18, 0, 0, 19, 15, 0, 15, 0, 0, 0, 0, 0, 0, 3, 5
154.0, 67341, 65704, 1636, 0, 0, 39, 18, 0, 0, 19, 15, 0, 15, 0, 0, 0, 0, 0, 0, 3, 5
155.0, 67349, 65710, 1639, 0, 0, 39, 18, 0, 0, 19, 15, 0, 15, 0, 0, 0, 0, 0, 0, 3, 5
156.0, 67360, 65718, 1642, 0, 0, 41, 18, 0, 0, 21, 15, 0, 15, 0, 0, 0, 0, 0, 0, 3, 5
157.0, 67367, 65702, 1665, 0, 0, 41, 18, 0, 0, 21, 15, 0, 15, 0, 0, 0, 0, 0, 0, 3, 5
158.0, 67362, 65697, 1665, 0, 0, 41, 18, 0, 0, 21, 15, 0, 15, 0, 0, 0, 0, 0, 0, 3, 5
159.0, 67391, 65716, 1675, 0, 0, 41, 18, 0, 0, 21, 15, 0, 15, 0, 0, 0, 0, 0, 0, 3, 5
160.0, 67392, 65716, 1675, 0, 0, 43, 18, 0, 0, 23, 15, 0, 15, 0, 0, 0, 0, 0, 0, 3, 5
161.0, 67428, 65715, 1712, 0, 0, 43, 19, 0, 0, 23, 15, 0, 16, 0, 0, 0, 0, 0, 0, 3, 5
162.0, 67433, 65718, 1715, 0, 0, 43, 19, 0, 0, 23, 15, 0, 16, 0, 0, 0, 0, 0, 0, 3, 5
163.0, 67425, 65710, 1715, 0, 0, 43, 19, 0, 0, 23, 15, 0, 16, 0, 0, 0, 0, 0, 0, 3, 5
164.0, 67461, 65712, 1748, 0, 0, 43, 19, 0, 0, 23, 15, 0, 16, 0, 0, 0, 0, 0, 0, 3, 5
165.0, 67479, 65692, 1786, 0, 0, 43, 20, 0, 0, 23, 15, 0, 17, 0, 0, 0, 0, 0, 0, 3, 5
166.0, 67477, 65684, 1793, 0, 0, 43, 20, 0, 0, 23, 15, 0, 17, 0, 0, 0, 0, 0, 0, 3, 5
167.0, 67528, 65735, 1793, 0, 0, 43, 20, 0, 0, 23, 15, 0, 17, 0, 0, 0, 0, 0, 0, 3, 5
168.0, 67547, 65754, 1793, 0, 0, 43, 20, 0, 0, 23, 15, 0, 17, 0, 0, 0, 0, 0, 0, 3, 5
169.0, 67548, 65754, 1793, 0, 0, 43, 20, 0, 0, 23, 15, 0, 17, 0, 0, 0, 0, 0, 0, 3, 5
170.0, 67569, 65773, 1796, 0, 0, 43, 20, 0, 0, 23, 15, 0, 17, 0, 0, 0, 0, 0, 0, 3, 5
171.0, 67593, 65769, 1823, 0, 0, 43, 20, 0, 0, 23, 15, 0, 17, 0, 0, 0, 0, 0, 0, 3, 5
172.1, 67596, 65762, 1834, 0, 0, 43, 20, 0, 0, 23, 15, 0, 17, 0, 0, 0, 0, 0, 0, 3, 5
173.0, 67584, 65750, 1834, 0, 0, 43, 20, 0, 0, 23, 15, 0, 17, 0, 0, 0, 0, 0, 0, 3, 5
174.0, 67590, 65752, 1837, 0, 0, 43, 20, 0, 0, 23, 15, 0, 17, 0, 0, 0, 0, 0, 0, 3, 5
175.0, 67605, 65767, 1837, 0, 0, 43, 20, 0, 0, 23, 15, 0, 17, 0, 0, 0, 0, 0, 0, 3, 5
176.0, 67611, 65773, 1837, 0, 0, 43, 20, 0, 0, 23, 15, 0, 17, 0, 0, 0, 0, 0, 0, 3, 5
177.0, 67642, 65765, 1876, 0, 0, 43, 20, 0, 0, 23, 15, 0, 17, 0, 0, 0, 0, 0, 0, 3, 5
178.0, 67634, 65758, 1876, 0, 0, 43, 20, 0, 0, 23, 15, 0, 17, 0, 0, 0, 0, 0, 0, 3, 5
179.0, 67631, 65754, 1876, 0, 0, 43, 20, 0, 0, 23, 15, 0, 17, 0, 0, 0, 0, 0, 0, 3, 5
180.0, 67631, 65754, 1876, 0, 0, 43, 20, 0, 0, 23, 15, 0, 17, 0, 0, 0, 0, 0, 0, 3, 5
181.0, 67628, 65751, 1876, 0, 0, 43, 20, 0, 0, 23, 15, 0, 17, 0, 0, 0, 0, 0, 0, 3, 5
182.0, 67616, 65739, 1876, 0, 0, 43, 20, 0, 0, 23, 15, 0, 17, 0, 0, 0, 0, 0, 0, 3, 5
183.0, 67693, 65745, 1947, 0, 0, 43, 21, 0, 0, 23, 15, 0, 17, 0, 0, 0, 0, 0, 0, 4, 5
184.0, 67680, 65726, 1954, 0, 0, 43, 21, 0, 0, 23, 15, 0, 17, 0, 0, 0, 0, 0, 0, 4, 5
185.0, 67682, 65728, 1954, 0, 0, 43, 21, 0, 0, 23, 15, 0, 17, 0, 0, 0, 0, 0, 0, 4, 5
186.0, 67697, 65742, 1954, 0, 0, 43, 21, 0, 0, 23, 15, 0, 17, 0, 0, 0, 0, 0, 0, 4, 5
187.0, 67711, 65757, 1954, 0, 0, 43, 22, 0, 0, 23, 15, 0, 18, 0, 0, 0, 0, 0, 0, 4, 5
188.0, 67746, 65757, 1989, 0, 0, 43, 22, 0, 0, 23, 15, 0, 18, 0, 0, 0, 0, 0, 0, 4, 5
189.0, 67753, 65754, 1999, 0, 0, 43, 22, 0, 0, 23, 15, 0, 18, 0, 0, 0, 0, 0, 0, 4, 5
190.0, 67753, 65754, 1999, 0, 0, 45, 22, 0, 0, 25, 15, 0, 18, 0, 0, 0, 0, 0, 0, 4, 5
191.0, 67752, 65753, 1999, 0, 0, 45, 22, 0, 0, 25, 15, 0, 18, 0, 0, 0, 0, 0, 0, 4, 5
192.0, 67780, 65747, 2033, 0, 0, 45, 23, 0, 0, 25, 15, 0, 19, 0, 0, 0, 0, 0, 0, 4, 5
193.0, 67800, 65753, 2046, 0, 0, 45, 23, 0, 0, 25, 15, 0, 19, 0, 0, 0, 0, 0, 0, 4, 5
194.0, 67785, 65738, 2046, 0, 0, 45, 23, 0, 0, 25, 15, 0, 19, 0, 0, 0, 0, 0, 0, 4, 5
195.0, 67882, 65723, 2159, 0, 0, 45, 25, 0, 0, 25, 15, 0, 21, 0, 0, 0, 0, 0, 0, 4, 5
196.0, 67927, 65711, 2215, 0, 0, 47, 25, 0, 0, 27, 15, 0, 21, 0, 0, 0, 0, 0, 0, 4, 5
197.0, 67939, 65706, 2233, 0, 0, 47, 25, 0, 0, 27, 15, 0, 21, 0, 0, 0, 0, 0, 0, 4, 5
198.0, 67952, 65719, 2233, 0, 0, 47, 25, 0, 0, 27, 15, 0, 21, 0, 0, 0, 0, 0, 0, 4, 5
199.0, 67952, 65719, 2233, 0, 0, 47, 25, 0, 0, 27, 15, 0, 21, 0, 0, 0, 0, 0, 0, 4, 5
200.0, 68006, 65730, 2276, 0, 0, 47, 26, 0, 0, 27, 15, 0, 22, 0, 0, 0, 0, 0, 0, 4, 5
201.0, 68052, 65770, 2282, 0, 0, 47, 26, 0, 0, 27, 15, 0, 22, 0, 0, 0, 0, 0, 0, 4, 5
202.0, 68058, 65754, 2303, 0, 0, 46, 26, 0, 0, 26, 15, 0, 22, 0, 0, 0, 0, 0, 0, 4, 5
203.0, 68056, 65738, 2317, 0, 0, 46, 26, 0, 0, 26, 15, 0, 22, 0, 0, 0, 0, 0, 0, 4, 5
204.0, 68060, 65736, 2323, 0, 0, 46, 26, 0, 0, 26, 15, 0, 22, 0, 0, 0, 0, 0, 0, 4, 5
205.0, 68088, 65738, 2350, 0, 0, 46, 26, 0, 0, 26, 15, 0, 22, 0, 0, 0, 0, 0, 0, 4, 5
206.0, 68137, 65738, 2398, 0, 0, 46, 27, 0, 0, 26, 15, 0, 23, 0, 0, 0, 0, 0, 0, 4, 5
207.0, 68209, 65789, 2420, 0, 0, 45, 27, 0, 0, 25, 15, 0, 23, 0, 0, 0, 0, 0, 0, 4, 5
208.0, 68197, 65776, 2420, 0, 0, 45, 27, 0, 0, 25, 15, 0, 23, 0, 0, 0, 0, 0, 0, 4, 5
209.0, 68202, 65768, 2433, 0, 0, 45, 27, 0, 0, 25, 15, 0, 23, 0, 0, 0, 0, 0, 0, 4, 5
210.0, 68198, 65761, 2437, 0, 0, 44, 27, 0, 0, 24, 15, 0, 23, 0, 0, 0, 0, 0, 0, 4, 5
211.0, 68200, 65760, 2440, 0, 0, 44, 27, 0, 0, 24, 15, 0, 23, 0, 0, 0, 0, 0, 0, 4, 5
212.1, 68185, 65744, 2440, 0, 0, 46, 27, 0, 0, 26, 15, 0, 23, 0, 0, 0, 0, 0, 0, 4, 5
213.0, 68188, 65727, 2461, 0, 0, 47, 27, 0, 0, 27, 15, 0, 23, 0, 0, 0, 0, 0, 0, 4, 5
214.0, 68198, 65721, 2477, 0, 0, 47, 27, 0, 0, 27, 15, 0, 23, 0, 0, 0, 0, 0, 0, 4, 5
215.0, 68199, 65718, 2480, 0, 0, 47, 27, 0, 0, 27, 15, 0, 23, 0, 0, 0, 0, 0, 0, 4, 5
216.0, 68225, 65744, 2480, 0, 0, 47, 27, 0, 0, 27, 15, 0, 23, 0, 0, 0, 0, 0, 0, 4, 5
217.0, 68266, 65767, 2499, 0, 0, 47, 27, 0, 0, 27, 15, 0, 23, 0, 0, 0, 0, 0, 0, 4, 5
218.0, 68268, 65750, 2517, 0, 0, 47, 27, 0, 0, 27, 15, 0, 23, 0, 0, 0, 0, 0, 0, 4, 5
219.0, 68271, 65753, 2517, 0, 0, 46, 27, 0, 0, 26, 15, 0, 23, 0, 0, 0, 0, 0, 0, 4, 5
220.0, 68277, 65760, 2517, 0, 0, 46, 27, 0, 0, 26, 15, 0, 23, 0, 0, 0, 0, 0, 0, 4, 5
221.0, 68265, 65748, 2517, 0, 0, 46, 27, 0, 0, 26, 15, 0, 23, 0, 0, 0, 0, 0, 0, 4, 5
222.0, 68249, 65732, 2517, 0, 0, 46, 27, 0, 0, 26, 15, 0, 23, 0, 0, 0, 0, 0, 0, 4, 5
223.0, 68291, 65738, 2553, 0, 0, 46, 28, 0, 0, 26, 15, 0, 24, 0, 0, 0, 0, 0, 0, 4, 5
224.0, 68274, 65718, 2556, 0, 0, 46, 28, 0, 0, 26, 15, 0, 24, 0, 0, 0, 0, 0, 0, 4, 5
225.0, 68363, 65771, 2592, 0, 0, 46, 29, 0, 0, 26, 15, 0, 25, 0, 0, 0, 0, 0, 0, 4, 5
226.0, 68393, 65763, 2630, 0, 0, 46, 30, 0, 0, 26, 15, 0, 26, 0, 0, 0, 0, 0, 0, 4, 5
227.0, 68389, 65756, 2633, 0, 0, 46, 30, 0, 0, 26, 15, 0, 26, 0, 0, 0, 0, 0, 0, 4, 5
228.0, 68419, 65748, 2671, 0, 0, 46, 31, 0, 0, 26, 15, 0, 27, 0, 0, 0, 0, 0, 0, 4, 5
229.0, 68421, 65747, 2674, 0, 0, 46, 31, 0, 0, 26, 15, 0, 27, 0, 0, 0, 0, 0, 0, 4, 5
230.1, 68389, 65711, 2677, 0, 0, 46, 31, 0, 0, 26, 15, 0, 27, 0, 0, 0, 0, 0, 0, 4, 5
231.0, 68392, 65712, 2680, 0, 0, 46, 31, 0, 0, 26, 15, 0, 27, 0, 0, 0, 0, 0, 0, 4, 5
232.0, 68408, 65724, 2683, 0, 0, 46, 31, 0, 0, 26, 15, 0, 27, 0, 0, 0, 0, 0, 0, 4, 5
233.0, 68407, 65720, 2686, 0, 0, 46, 31, 0, 0, 26, 15, 0, 27, 0, 0, 0, 0, 0, 0, 4, 5
234.0, 68425, 65735, 2690, 0, 0, 46, 31, 0, 0, 26, 15, 0, 27, 0, 0, 0, 0, 0, 0, 4, 5
235.0, 68451, 65757, 2693, 0, 0, 46, 30, 0, 0, 26, 15, 0, 26, 0, 0, 0, 0, 0, 0, 4, 5
236.0, 68499, 65746, 2753, 0, 0, 46, 30, 0, 0, 26, 15, 0, 26, 0, 0, 0, 0, 0, 0, 4, 5
237.0, 68553, 65748, 2805, 0, 0, 45, 30, 0, 0, 25, 15, 0, 26, 0, 0, 0, 0, 0, 0, 4, 5
238.0, 68615, 65740, 2875, 0, 0, 45, 31, 0, 0, 25, 15, 0, 26, 0, 0, 0, 0, 0, 0, 5, 5
239.0, 68631, 65730, 2901, 0, 0, 45, 31, 0, 0, 25, 15, 0, 26, 0, 0, 0, 0, 0, 0, 5, 5
240.0, 68555, 65723, 2832, 0, 0, 45, 31, 0, 0, 25, 15, 0, 26, 0, 0, 0, 0, 0, 0, 5, 5
241.0, 68554, 65721, 2832, 0, 0, 45, 31, 0, 0, 25, 15, 0, 26, 0, 0, 0, 0, 0, 0, 5, 5
242.0, 68582, 65749, 2832, 0, 0, 45, 31, 0, 0, 25, 15, 0, 26, 0, 0, 0, 0, 0, 0, 5, 5
243.1, 68579, 65740, 2839, 0, 0, 44, 30, 0, 0, 24, 15, 0, 26, 0, 0, 0, 0, 0, 0, 4, 5
244.0, 68567, 65728, 2839, 0, 0, 44, 30, 0, 0, 24, 15, 0, 26, 0, 0, 0, 0, 0, 0, 4, 5
245.0, 68586, 65746, 2839, 0, 0, 44, 30, 0, 0, 24, 15, 0, 26, 0, 0, 0, 0, 0, 0, 4, 5
246.0, 68582, 65743, 2839, 0, 0, 43, 30, 0, 0, 23, 15, 0, 26, 0, 0, 0, 0, 0, 0, 4, 5
247.0, 68569, 65723, 2845, 0, 0, 43, 30, 0, 0, 23, 15, 0, 26, 0, 0, 0, 0, 0, 0, 4, 5
248.1, 68388, 65711, 2677, 0, 0, 43, 30, 0, 0, 23, 15, 0, 26, 0, 0, 0, 0, 0, 0, 4, 5
249.0, 68380, 65703, 2677, 0, 0, 45, 29, 0, 0, 25, 15, 0, 25, 0, 0, 0, 0, 0, 0, 4, 5
250.1, 68472, 65724, 2748, 0, 0, 46, 30, 0, 0, 26, 15, 0, 26, 0, 0, 0, 0, 0, 0, 4, 5
251.0, 68534, 65750, 2783, 0, 0, 46, 30, 0, 0, 26, 15, 0, 26, 0, 0, 0, 0, 0, 0, 4, 5
252.0, 68539, 65752, 2787, 0, 0, 46, 30, 0, 0, 26, 15, 0, 26, 0, 0, 0, 0, 0, 0, 4, 5
253.0, 68539, 65752, 2787, 0, 0, 46, 30, 0, 0, 26, 15, 0, 26, 0, 0, 0, 0, 0, 0, 4, 5
254.0, 68456, 65752, 2704, 0, 0, 46, 30, 0, 0, 26, 15, 0, 26, 0, 0, 0, 0, 0, 0, 4, 5
255.0, 68483, 65745, 2738, 0, 0, 46, 30, 0, 0, 26, 15, 0, 26, 0, 0, 0, 0, 0, 0, 4, 5
256.0, 68473, 65729, 2744, 0, 0, 46, 30, 0, 0, 26, 15, 0, 26, 0, 0, 0, 0, 0, 0, 4, 5
257.0, 68484, 65739, 2744, 0, 0, 46, 30, 0, 0, 26, 15, 0, 26, 0, 0, 0, 0, 0, 0, 4, 5
258.0, 68498, 65753, 2744, 0, 0, 46, 30, 0, 0, 26, 15, 0, 26, 0, 0, 0, 0, 0, 0, 4, 5
259.0, 68536, 65757, 2778, 0, 0, 46, 31, 0, 0, 26, 15, 0, 27, 0, 0, 0, 0, 0, 0, 4, 5
260.0, 68461, 65753, 2708, 0, 0, 45, 31, 0, 0, 25, 15, 0, 27, 0, 0, 0, 0, 0, 0, 4, 5
261.0, 68439, 65731, 2708, 0, 0, 45, 31, 0, 0, 25, 15, 0, 27, 0, 0, 0, 0, 0, 0, 4, 5
262.0, 68453, 65727, 2726, 0, 0, 45, 31, 0, 0, 25, 15, 0, 27, 0, 0, 0, 0, 0, 0, 4, 5
263.0, 68467, 65724, 2743, 0, 0, 45, 31, 0, 0, 25, 15, 0, 27, 0, 0, 0, 0, 0, 0, 4, 5
264.0, 68488, 65742, 2746, 0, 0, 45, 31, 0, 0, 25, 15, 0, 27, 0, 0, 0, 0, 0, 0, 4, 5
265.0, 68476, 65726, 2749, 0, 0, 45, 29, 0, 0, 25, 15, 0, 26, 0, 0, 0, 0, 0, 0, 3, 5
266.0, 68463, 65713, 2749, 0, 0, 45, 29, 0, 0, 25, 15, 0, 26, 0, 0, 0, 0, 0, 0, 3, 5
267.0, 68490, 65721, 2769, 0, 0, 45, 29, 0, 0, 25, 15, 0, 26, 0, 0, 0, 0, 0, 0, 3, 5
268.0, 68512, 65727, 2784, 0, 0, 43, 28, 0, 0, 23, 15, 0, 25, 0, 0, 0, 0, 0, 0, 3, 5
269.0, 68547, 65759, 2788, 0, 0, 43, 28, 0, 0, 23, 15, 0, 25, 0, 0, 0, 0, 0, 0, 3, 5
270.0, 68285, 65744, 2540, 0, 0, 43, 28, 0, 0, 23, 15, 0, 25, 0, 0, 0, 0, 0, 0, 3, 5
271.0, 68292, 65732, 2559, 0, 0, 43, 28, 0, 0, 23, 15, 0, 25, 0, 0, 0, 0, 0, 0, 3, 5
272.0, 68307, 65732, 2575, 0, 0, 42, 28, 0, 0, 22, 15, 0, 25, 0, 0, 0, 0, 0, 0, 3, 5
273.0, 68240, 65743, 2496, 0, 0, 43, 28, 0, 0, 22, 15, 0, 25, 0, 0, 0, 0, 0, 0, 3, 6
274.0, 70091, 67561, 2529, 0, 0, 42, 28, 0, 0, 21, 15, 0, 25, 0, 0, 0, 0, 0, 0, 3, 6
275.0, 70109, 67577, 2532, 0, 0, 42, 28, 0, 0, 21, 15, 0, 25, 0, 0, 0, 0, 0, 0, 3, 6
276.1, 70097, 67565, 2532, 0, 0, 41, 28, 0, 0, 20, 15, 0, 25, 0, 0, 0, 0, 0, 0, 3, 6
277.0, 70170, 67637, 2532, 0, 0, 41, 28, 0, 0, 20, 15, 0, 25, 0, 0, 0, 0, 0, 0, 3, 6
278.0, 70243, 67711, 2532, 0, 0, 41, 28, 0, 0, 20, 15, 0, 25, 0, 0, 0, 0, 0, 0, 3, 6
279.0, 70190, 67737, 2453, 0, 0, 40, 28, 0, 0, 19, 15, 0, 25, 0, 0, 0, 0, 0, 0, 3, 6
280.0, 70206, 67752, 2453, 0, 0, 40, 28, 0, 0, 19, 15, 0, 25, 0, 0, 0, 0, 0, 0, 3, 6
281.0, 70259, 67806, 2453, 0, 0, 40, 28, 0, 0, 19, 15, 0, 25, 0, 0, 0, 0, 0, 0, 3, 6
282.0, 70290, 67837, 2453, 0, 0, 39, 28, 0, 0, 18, 15, 0, 25, 0, 0, 0, 0, 0, 0, 3, 6
283.0, 70282, 67826, 2456, 0, 0, 40, 28, 0, 0, 18, 15, 0, 25, 0, 0, 0, 0, 0, 0, 3, 7
284.0, 70339, 67883, 2456, 0, 0, 40, 28, 0, 0, 18, 15, 0, 25, 0, 0, 0, 0, 0, 0, 3, 7
285.0, 72121, 69665, 2456, 0, 0, 39, 28, 0, 0, 17, 15, 0, 25, 0, 0, 0, 0, 0, 0, 3, 7
286.0, 72202, 69746, 2456, 0, 0, 39, 28, 0, 0, 17, 15, 0, 25, 0, 0, 0, 0, 0, 0, 3, 7
287.0, 72330, 69850, 2480, 0, 0, 38, 28, 0, 0, 16, 15, 0, 25, 0, 0, 0, 0, 0, 0, 3, 7
288.0, 72350, 69861, 2489, 0, 0, 38, 28, 0, 0, 16, 15, 0, 25, 0, 0, 0, 0, 0, 0, 3, 7
289.0, 72410, 69921, 2489, 0, 0, 38, 28, 0, 0, 16, 15, 0, 25, 0, 0, 0, 0, 0, 0, 3, 7
290.0, 72427, 69937, 2489, 0, 0, 37, 28, 0, 0, 15, 15, 0, 25, 0, 0, 0, 0, 0, 0, 3, 7
291.0, 72538, 70048, 2489, 0, 0, 39, 28, 0, 0, 17, 15, 0, 25, 0, 0, 0, 0, 0, 0, 3, 7
292.0, 72596, 70106, 2489, 0, 0, 39, 28, 0, 0, 17, 15, 0, 25, 0, 0, 0, 0, 0, 0, 3, 7
293.0, 72625, 70136, 2489, 0, 0, 39, 28, 0, 0, 17, 15, 0, 25, 0, 0, 0, 0, 0, 0, 3, 7
294.0, 72691, 70201, 2489, 0, 0, 39, 28, 0, 0, 17, 15, 0, 25, 0, 0, 0, 0, 0, 0, 3, 7
295.0, 72802, 70312, 2489, 0, 0, 39, 28, 0, 0, 17, 15, 0, 25, 0, 0, 0, 0, 0, 0, 3, 7
296.0, 72874, 70351, 2522, 0, 0, 39, 29, 0, 0, 17, 15, 0, 26, 0, 0, 0, 0, 0, 0, 3, 7
297.0, 72896, 70371, 2525, 0, 0, 38, 29, 0, 0, 16, 15, 0, 26, 0, 0, 0, 0, 0, 0, 3, 7
298.0, 72983, 70458, 2525, 0, 0, 38, 29, 0, 0, 15, 15, 0, 26, 0, 0, 0, 0, 0, 0, 3, 8
299.0, 73090, 70565, 2525, 0, 0, 38, 29, 0, 0, 15, 15, 0, 26, 0, 0, 0, 0, 0, 0, 3, 8
300.0, 74968, 72442, 2525, 0, 0, 38, 29, 0, 0, 14, 15, 0, 26, 0, 0, 0, 0, 0, 0, 3, 9
301.0, 75029, 72501, 2528, 0, 0, 38, 29, 0, 0, 14, 15, 0, 26, 0, 0, 0, 0, 0, 0, 3, 9
302.0, 76897, 74369, 2528, 0, 0, 38, 29, 0, 0, 14, 15, 0, 26, 0, 0, 0, 0, 0, 0, 3, 9
303.0, 77048, 74520, 2528, 0, 0, 38, 29, 0, 0, 14, 15, 0, 26, 0, 0, 0, 0, 0, 0, 3, 9
304.0, 77158, 74630, 2528, 0, 0, 38, 29, 0, 0, 14, 15, 0, 26, 0, 0, 0, 0, 0, 0, 3, 9
305.0, 77234, 74703, 2531, 0, 0, 38, 29, 0, 0, 14, 15, 0, 26, 0, 0, 0, 0, 0, 0, 3, 9
306.0, 77417, 74886, 2531, 0, 0, 38, 29, 0, 0, 14, 15, 0, 26, 0, 0, 0, 0, 0, 0, 3, 9
307.0, 77602, 75071, 2531, 0, 0, 38, 29, 0, 0, 14, 15, 0, 26, 0, 0, 0, 0, 0, 0, 3, 9
308.0, 77628, 75097, 2531, 0, 0, 37, 29, 0, 0, 12, 16, 0, 26, 0, 0, 0, 0, 0, 0, 3, 9
309.0, 77800, 75266, 2534, 0, 0, 37, 29, 0, 0, 12, 16, 0, 26, 0, 0, 0, 0, 0, 0, 3, 9
310.0, 77909, 75360, 2549, 0, 0, 37, 29, 0, 0, 12, 16, 0, 26, 0, 0, 0, 0, 0, 0, 3, 9
311.1, 79340, 76775, 2564, 0, 0, 36, 30, 0, 0, 11, 16, 0, 27, 0, 0, 0, 0, 0, 0, 3, 9
312.0, 79456, 76860, 2595, 0, 0, 36, 30, 0, 0, 11, 16, 0, 27, 0, 0, 0, 0, 0, 0, 3, 9
313.0, 79604, 77007, 2596, 0, 0, 36, 30, 0, 0, 11, 16, 0, 27, 0, 0, 0, 0, 0, 0, 3, 9
314.0, 79844, 77249, 2595, 0, 0, 36, 30, 0, 0, 11, 16, 0, 27, 0, 0, 0, 0, 0, 0, 3, 9
315.0, 79954, 77361, 2593, 0, 0, 36, 30, 0, 0, 11, 16, 0, 27, 0, 0, 0, 0, 0, 0, 3, 9
316.0, 80033, 77441, 2591, 0, 0, 34, 30, 0, 0, 9, 16, 0, 27, 0, 0, 0, 0, 0, 0, 3, 9
317.0, 80262, 77668, 2594, 0, 0, 34, 30, 0, 0, 9, 16, 0, 27, 0, 0, 0, 0, 0, 0, 3, 9
318.0, 80341, 77745, 2596, 0, 0, 34, 30, 0, 0, 9, 16, 0, 27, 0, 0, 0, 0, 0, 0, 3, 9
319.0, 80520, 77918, 2602, 0, 0, 34, 30, 0, 0, 9, 16, 0, 27, 0, 0, 0, 0, 0, 0, 3, 9
320.0, 80722, 78085, 2637, 0, 0, 32, 31, 0, 0, 7, 16, 0, 28, 0, 0, 0, 0, 0, 0, 3, 9
321.0, 80778, 78116, 2661, 0, 0, 33, 31, 0, 0, 7, 17, 0, 28, 0, 0, 0, 0, 0, 0, 3, 9
322.0, 82320, 79609, 2710, 0, 0, 33, 32, 0, 0, 7, 17, 0, 29, 0, 0, 0, 0, 0, 0, 3, 9
323.0, 82434, 79720, 2713, 0, 0, 33, 32, 0, 0, 7, 17, 0, 29, 0, 0, 0, 0, 0, 0, 3, 9
324.0, 82700, 79986, 2713, 0, 0, 33, 32, 0, 0, 7, 17, 0, 29, 0, 0, 0, 0, 0, 0, 3, 9
325.0, 82817, 80100, 2716, 0, 0, 33, 32, 0, 0, 7, 17, 0, 29, 0, 0, 0, 0, 0, 0, 3, 9
326.0, 82948, 80231, 2716, 0, 0, 33, 32, 0, 0, 7, 17, 0, 29, 0, 0, 0, 0, 0, 0, 3, 9
327.0, 83088, 80368, 2719, 0, 0, 33, 32, 0, 0, 7, 17, 0, 29, 0, 0, 0, 0, 0, 0, 3, 9
328.0, 83314, 80595, 2719, 0, 0, 33, 31, 0, 0, 7, 17, 0, 28, 0, 0, 0, 0, 0, 0, 3, 9
329.0, 83407, 80684, 2723, 0, 0, 33, 31, 0, 0, 7, 17, 0, 28, 0, 0, 0, 0, 0, 0, 3, 9
330.0, 83726, 80930, 2795, 0, 0, 33, 32, 0, 0, 7, 17, 0, 29, 0, 0, 0, 0, 0, 0, 3, 9
331.0, 83956, 81128, 2827, 0, 0, 33, 31, 0, 0, 7, 17, 0, 28, 0, 0, 0, 0, 0, 0, 3, 9
332.0, 84073, 81236, 2836, 0, 0, 33, 31, 0, 0, 7, 17, 0, 28, 0, 0, 0, 0, 0, 0, 3, 9
333.0, 84243, 81406, 2836, 0, 0, 33, 31, 0, 0, 7, 17, 0, 28, 0, 0, 0, 0, 0, 0, 3, 9
334.0, 84333, 81582, 2751, 0, 0, 33, 31, 0, 0, 7, 17, 0, 28, 0, 0, 0, 0, 0, 0, 3, 9
335.0, 84455, 81668, 2786, 0, 0, 33, 32, 0, 0, 7, 17, 0, 29, 0, 0, 0, 0, 0, 0, 3, 9
336.0, 84653, 81946, 2706, 0, 0, 33, 31, 0, 0, 7, 17, 0, 28, 0, 0, 0, 0, 0, 0, 3, 9
337.0, 84645, 81938, 2706, 0, 0, 33, 31, 0, 0, 7, 17, 0, 28, 0, 0, 0, 0, 0, 0, 3, 9
338.0, 84952, 82245, 2706, 0, 0, 33, 31, 0, 0, 7, 17, 0, 28, 0, 0, 0, 0, 0, 0, 3, 9
339.0, 85061, 82351, 2709, 0, 0, 33, 31, 0, 0, 7, 17, 0, 28, 0, 0, 0, 0, 0, 0, 3, 9
340.0, 85284, 82571, 2712, 0, 0, 33, 30, 0, 0, 7, 17, 0, 28, 0, 0, 0, 0, 0, 0, 2, 9
341.0, 85341, 82708, 2632, 0, 0, 33, 30, 0, 0, 7, 17, 0, 28, 0, 0, 0, 0, 0, 0, 2, 9
342.0, 85505, 82872, 2632, 0, 0, 35, 30, 0, 0, 9, 17, 0, 28, 0, 0, 0, 0, 0, 0, 2, 9
343.0, 85684, 83048, 2636, 0, 0, 35, 30, 0, 0, 9, 17, 0, 28, 0, 0, 0, 0, 0, 0, 2, 9
344.0, 85879, 83222, 2656, 0, 0, 35, 30, 0, 0, 9, 17, 0, 28, 0, 0, 0, 0, 0, 0, 2, 9
345.0, 85935, 83432, 2503, 0, 0, 35, 30, 0, 0, 9, 17, 0, 28, 0, 0, 0, 0, 0, 0, 2, 9
346.0, 85980, 83477, 2503, 0, 0, 35, 29, 0, 0, 9, 17, 0, 27, 0, 0, 0, 0, 0, 0, 2, 9
347.0, 86288, 83762, 2525, 0, 0, 35, 29, 0, 0, 9, 17, 0, 27, 0, 0, 0, 0, 0, 0, 2, 9
348.0, 86351, 83815, 2535, 0, 0, 35, 29, 0, 0, 9, 17, 0, 27, 0, 0, 0, 0, 0, 0, 2, 9
349.0, 86624, 84088, 2535, 0, 0, 35, 29, 0, 0, 9, 17, 0, 27, 0, 0, 0, 0, 0, 0, 2, 9
350.0, 86749, 84213, 2535, 0, 0, 35, 29, 0, 0, 9, 17, 0, 27, 0, 0, 0, 0, 0, 0, 2, 9
351.0, 86752, 84293, 2459, 0, 0, 35, 29, 0, 0, 9, 17, 0, 27, 0, 0, 0, 0, 0, 0, 2, 9
352.0, 86990, 84531, 2459, 0, 0, 35, 29, 0, 0, 9, 17, 0, 27, 0, 0, 0, 0, 0, 0, 2, 9
353.0, 87004, 84545, 2459, 0, 0, 35, 29, 0, 0, 9, 17, 0, 27, 0, 0, 0, 0, 0, 0, 2, 9
354.0, 87239, 84780, 2459, 0, 0, 35, 29, 0, 0, 9, 17, 0, 27, 0, 0, 0, 0, 0, 0, 2, 9
355.0, 87324, 84865, 2459, 0, 0, 35, 29, 0, 0, 9, 17, 0, 27, 0, 0, 0, 0, 0, 0, 2, 9
356.0, 87418, 84959, 2459, 0, 0, 35, 29, 0, 0, 9, 17, 0, 27, 0, 0, 0, 0, 0, 0, 2, 9
357.0, 87639, 85179, 2459, 0, 0, 35, 29, 0, 0, 9, 17, 0, 27, 0, 0, 0, 0, 0, 0, 2, 9
358.0, 87772, 85313, 2459, 0, 0, 35, 29, 0, 0, 9, 17, 0, 27, 0, 0, 0, 0, 0, 0, 2, 9
359.0, 87843, 85384, 2459, 0, 0, 35, 29, 0, 0, 9, 17, 0, 27, 0, 0, 0, 0, 0, 0, 2, 9
360.0, 87993, 85534, 2459, 0, 0, 35, 29, 0, 0, 9, 17, 0, 27, 0, 0, 0, 0, 0, 0, 2, 9
361.0, 88091, 85632, 2459, 0, 0, 35, 29, 0, 0, 9, 17, 0, 27, 0, 0, 0, 0, 0, 0, 2, 9
362.0, 88198, 85739, 2459, 0, 0, 35, 29, 0, 0, 9, 17, 0, 27, 0, 0, 0, 0, 0, 0, 2, 9
363.0, 88325, 85866, 2459, 0, 0, 35, 29, 0, 0, 9, 17, 0, 27, 0, 0, 0, 0, 0, 0, 2, 9
364.0, 88470, 86011, 2459, 0, 0, 35, 29, 0, 0, 9, 17, 0, 27, 0, 0, 0, 0, 0, 0, 2, 9
365.0, 88523, 86064, 2459, 0, 0, 35, 29, 0, 0, 9, 17, 0, 27, 0, 0, 0, 0, 0, 0, 2, 9
366.0, 88675, 86216, 2459, 0, 0, 35, 29, 0, 0, 9, 17, 0, 27, 0, 0, 0, 0, 0, 0, 2, 9
367.0, 88776, 86317, 2459, 0, 0, 35, 29, 0, 0, 9, 17, 0, 27, 0, 0, 0, 0, 0, 0, 2, 9
368.0, 88859, 86400, 2459, 0, 0, 35, 29, 0, 0, 9, 17, 0, 27, 0, 0, 0, 0, 0, 0, 2, 9
369.0, 88909, 86450, 2459, 0, 0, 35, 29, 0, 0, 9, 17, 0, 27, 0, 0, 0, 0, 0, 0, 2, 9
370.0, 89129, 86601, 2527, 0, 0, 35, 31, 0, 0, 9, 17, 0, 29, 0, 0, 0, 0, 0, 0, 2, 9
371.0, 89241, 86707, 2534, 0, 0, 35, 31, 0, 0, 9, 17, 0, 29, 0, 0, 0, 0, 0, 0, 2, 9
372.0, 89303, 86768, 2534, 0, 0, 35, 31, 0, 0, 9, 17, 0, 29, 0, 0, 0, 0, 0, 0, 2, 9
373.0, 89523, 86917, 2606, 0, 0, 35, 32, 0, 0, 9, 17, 0, 29, 0, 0, 0, 0, 0, 0, 3, 9
374.0, 89587, 86980, 2606, 0, 0, 35, 33, 0, 0, 9, 17, 0, 30, 0, 0, 0, 0, 0, 0, 3, 9
375.0, 89757, 87104, 2653, 0, 0, 35, 33, 0, 0, 9, 17, 0, 30, 0, 0, 0, 0, 0, 0, 3, 9
376.0, 89840, 87184, 2656, 0, 0, 35, 32, 0, 0, 9, 17, 0, 29, 0, 0, 0, 0, 0, 0, 3, 9
377.0, 89829, 87173, 2656, 0, 0, 35, 32, 0, 0, 9, 17, 0, 29, 0, 0, 0, 0, 0, 0, 3, 9
378.0, 89952, 87296, 2656, 0, 0, 35, 32, 0, 0, 9, 17, 0, 29, 0, 0, 0, 0, 0, 0, 3, 9
379.0, 89987, 87318, 2669, 0, 0, 35, 32, 0, 0, 9, 17, 0, 29, 0, 0, 0, 0, 0, 0, 3, 9
380.0, 90099, 87392, 2706, 0, 0, 35, 32, 0, 0, 9, 17, 0, 29, 0, 0, 0, 0, 0, 0, 3, 9
381.0, 90088, 87442, 2646, 0, 0, 34, 32, 0, 0, 8, 17, 0, 29, 0, 0, 0, 0, 0, 0, 3, 9
382.0, 90144, 87483, 2660, 0, 0, 34, 32, 0, 0, 8, 17, 0, 29, 0, 0, 0, 0, 0, 0, 3, 9
383.0, 90145, 87477, 2667, 0, 0, 34, 32, 0, 0, 8, 17, 0, 29, 0, 0, 0, 0, 0, 0, 3, 9
384.0, 90226, 87556, 2670, 0, 0, 34, 32, 0, 0, 8, 17, 0, 29, 0, 0, 0, 0, 0, 0, 3, 9
385.0, 90321, 87618, 2702, 0, 0, 34, 33, 0, 0, 8, 17, 0, 30, 0, 0, 0, 0, 0, 0, 3, 9
386.0, 90308, 87603, 2705, 0, 0, 34, 33, 0, 0, 8, 17, 0, 30, 0, 0, 0, 0, 0, 0, 3, 9
387.0, 90438, 87660, 2777, 0, 0, 34, 33, 0, 0, 8, 17, 0, 30, 0, 0, 0, 0, 0, 0, 3, 9
388.0, 90507, 87692, 2814, 0, 0, 34, 33, 0, 0, 8, 17, 0, 30, 0, 0, 0, 0, 0, 0, 3, 9
389.0, 90586, 87772, 2814, 0, 0, 34, 33, 0, 0, 8, 17, 0, 30, 0, 0, 0, 0, 0, 0, 3, 9
390.0, 90624, 87807, 2817, 0, 0, 34, 33, 0, 0, 8, 17, 0, 30, 0, 0, 0, 0, 0, 0, 3, 9
391.0, 90631, 87813, 2817, 0, 0, 34, 33, 0, 0, 8, 17, 0, 30, 0, 0, 0, 0, 0, 0, 3, 9
392.0, 90685, 87867, 2817, 0, 0, 33, 33, 0, 0, 7, 17, 0, 30, 0, 0, 0, 0, 0, 0, 3, 9
393.0, 90714, 87897, 2817, 0, 0, 33, 32, 0, 0, 7, 17, 0, 29, 0, 0, 0, 0, 0, 0, 3, 9
394.0, 90731, 87911, 2820, 0, 0, 33, 32, 0, 0, 7, 17, 0, 29, 0, 0, 0, 0, 0, 0, 3, 9
395.0, 90804, 87983, 2820, 0, 0, 33, 32, 0, 0, 7, 17, 0, 29, 0, 0, 0, 0, 0, 0, 3, 9
396.0, 90840, 88019, 2820, 0, 0, 33, 31, 0, 0, 7, 17, 0, 28, 0, 0, 0, 0, 0, 0, 3, 9
397.0, 90859, 88020, 2838, 0, 0, 33, 31, 0, 0, 7, 17, 0, 28, 0, 0, 0, 0, 0, 0, 3, 9
398.0, 90854, 88048, 2806, 0, 0, 33, 32, 0, 0, 7, 17, 0, 29, 0, 0, 0, 0, 0, 0, 3, 9
399.0, 90846, 88036, 2810, 0, 0, 33, 32, 0, 0, 7, 17, 0, 29, 0, 0, 0, 0, 0, 0, 3, 9
400.0, 90843, 88033, 2810, 0, 0, 33, 32, 0, 0, 7, 17, 0, 29, 0, 0, 0, 0, 0, 0, 3, 9
401.0, 90735, 88013, 2722, 0, 0, 33, 32, 0, 0, 7, 17, 0, 29, 0, 0, 0, 0, 0, 0, 3, 9
402.0, 90727, 88005, 2722, 0, 0, 33, 32, 0, 0, 7, 17, 0, 29, 0, 0, 0, 0, 0, 0, 3, 9
403.0, 90715, 87989, 2725, 0, 0, 33, 32, 0, 0, 7, 17, 0, 29, 0, 0, 0, 0, 0, 0, 3, 9
404.0, 90745, 88019, 2725, 0, 0, 33, 31, 0, 0, 7, 17, 0, 28, 0, 0, 0, 0, 0, 0, 3, 9
405.0, 90733, 88007, 2725, 0, 0, 33, 31, 0, 0, 7, 17, 0, 28, 0, 0, 0, 0, 0, 0, 3, 9
406.1, 90753, 88028, 2725, 0, 0, 33, 31, 0, 0, 7, 17, 0, 28, 0, 0, 0, 0, 0, 0, 3, 9
407.0, 90759, 88030, 2729, 0, 0, 33, 31, 0, 0, 7, 17, 0, 28, 0, 0, 0, 0, 0, 0, 3, 9
408.0, 90759, 88030, 2729, 0, 0, 33, 31, 0, 0, 7, 17, 0, 28, 0, 0, 0, 0, 0, 0, 3, 9
409.0, 90781, 88018, 2762, 0, 0, 33, 31, 0, 0, 7, 17, 0, 28, 0, 0, 0, 0, 0, 0, 3, 9
410.0, 90687, 88003, 2684, 0, 0, 33, 31, 0, 0, 7, 17, 0, 28, 0, 0, 0, 0, 0, 0, 3, 9
411.0, 90693, 88009, 2684, 0, 0, 33, 31, 0, 0, 7, 17, 0, 28, 0, 0, 0, 0, 0, 0, 3, 9
412.0, 90678, 87990, 2687, 0, 0, 32, 31, 0, 0, 6, 17, 0, 28, 0, 0, 0, 0, 0, 0, 3, 9
413.0, 90723, 87982, 2741, 0, 0, 31, 32, 0, 0, 5, 17, 0, 29, 0, 0, 0, 0, 0, 0, 3, 9
414.1, 90662, 87980, 2682, 0, 0, 31, 32, 0, 0, 5, 17, 0, 29, 0, 0, 0, 0, 0, 0, 3, 9
415.0, 90655, 87973, 2682, 0, 0, 31, 32, 0, 0, 5, 17, 0, 29, 0, 0, 0, 0, 0, 0, 3, 9
416.0, 90726, 88022, 2704, 0, 0, 31, 32, 0, 0, 5, 17, 0, 29, 0, 0, 0, 0, 0, 0, 3, 9
417.0, 90756, 88037, 2719, 0, 0, 31, 32, 0, 0, 5, 17, 0, 29, 0, 0, 0, 0, 0, 0, 3, 9
418.1, 90751, 88028, 2722, 0, 0, 31, 31, 0, 0, 5, 17, 0, 28, 0, 0, 0, 0, 0, 0, 3, 9
419.0, 90770, 88047, 2722, 0, 0, 31, 30, 0, 0, 5, 17, 0, 27, 0, 0, 0, 0, 0, 0, 3, 9
420.0, 90750, 88027, 2722, 0, 0, 31, 30, 0, 0, 5, 17, 0, 27, 0, 0, 0, 0, 0, 0, 3, 9
421.0, 90730, 88008, 2722, 0, 0, 31, 30, 0, 0, 5, 17, 0, 27, 0, 0, 0, 0, 0, 0, 3, 9
422.0, 90733, 88008, 2725, 0, 0, 31, 30, 0, 0, 5, 17, 0, 27, 0, 0, 0, 0, 0, 0, 3, 9
423.1, 90680, 88028, 2651, 0, 0, 31, 30, 0, 0, 5, 17, 0, 27, 0, 0, 0, 0, 0, 0, 3, 9
424.0, 90601, 88009, 2591, 0, 0, 31, 29, 0, 0, 5, 17, 0, 26, 0, 0, 0, 0, 0, 0, 3, 9
425.0, 90611, 88003, 2607, 0, 0, 32, 29, 0, 0, 6, 17, 0, 26, 0, 0, 0, 0, 0, 0, 3, 9
426.0, 90640, 88033, 2607, 0, 0, 32, 28, 0, 0, 6, 17, 0, 25, 0, 0, 0, 0, 0, 0, 3, 9
427.0, 90625, 88018, 2607, 0, 0, 32, 28, 0, 0, 6, 17, 0, 25, 0, 0, 0, 0, 0, 0, 3, 9
428.0, 90617, 88010, 2607, 0, 0, 32, 28, 0, 0, 6, 17, 0, 25, 0, 0, 0, 0, 0, 0, 3, 9
429.0, 90587, 87995, 2592, 0, 0, 32, 30, 0, 0, 6, 17, 0, 27, 0, 0, 0, 0, 0, 0, 3, 9
430.0, 90586, 87987, 2598, 0, 0, 32, 30, 0, 0, 6, 17, 0, 27, 0, 0, 0, 0, 0, 0, 3, 9
431.0, 90562, 88006, 2555, 0, 0, 32, 31, 0, 0, 6, 17, 0, 28, 0, 0, 0, 0, 0, 0, 3, 9
432.0, 90605, 88016, 2589, 0, 0, 32, 32, 0, 0, 6, 17, 0, 29, 0, 0, 0, 0, 0, 0, 3, 9
433.1, 90596, 88004, 2592, 0, 0, 32, 32, 0, 0, 6, 17, 0, 29, 0, 0, 0, 0, 0, 0, 3, 9
434.0, 90587, 87989, 2598, 0, 0, 32, 32, 0, 0, 6, 17, 0, 29, 0, 0, 0, 0, 0, 0, 3, 9
435.0, 90579, 87981, 2598, 0, 0, 32, 31, 0, 0, 6, 17, 0, 28, 0, 0, 0, 0, 0, 0, 3, 9
436.0, 90650, 88013, 2636, 0, 0, 32, 32, 0, 0, 6, 17, 0, 29, 0, 0, 0, 0, 0, 0, 3, 9
437.0, 90660, 87998, 2662, 0, 0, 32, 31, 0, 0, 6, 17, 0, 28, 0, 0, 0, 0, 0, 0, 3, 9
438.0, 90673, 87991, 2681, 0, 0, 32, 30, 0, 0, 6, 17, 0, 27, 0, 0, 0, 0, 0, 0, 3, 9
439.0, 90668, 87987, 2681, 0, 0, 32, 30, 0, 0, 6, 17, 0, 27, 0, 0, 0, 0, 0, 0, 3, 9
440.0, 90636, 88012, 2624, 0, 0, 32, 30, 0, 0, 6, 17, 0, 27, 0, 0, 0, 0, 0, 0, 3, 9
441.0, 90669, 88008, 2660, 0, 0, 33, 30, 0, 0, 6, 18, 0, 27, 0, 0, 0, 0, 0, 0, 3, 9
442.0, 90596, 87993, 2603, 0, 0, 32, 30, 0, 0, 5, 18, 0, 27, 0, 0, 0, 0, 0, 0, 3, 9
443.0, 90602, 87995, 2607, 0, 0, 32, 30, 0, 0, 5, 18, 0, 26, 0, 0, 0, 0, 0, 0, 4, 9
444.0, 91988, 89359, 2628, 0, 0, 32, 30, 0, 0, 5, 18, 0, 26, 0, 0, 0, 0, 0, 0, 4, 9
445.0, 92009, 89377, 2631, 0, 0, 32, 30, 0, 0, 5, 18, 0, 26, 0, 0, 0, 0, 0, 0, 4, 9
446.0, 92105, 89419, 2685, 0, 0, 32, 31, 0, 0, 5, 18, 0, 27, 0, 0, 0, 0, 0, 0, 4, 9
447.0, 92134, 89433, 2701, 0, 0, 32, 31, 0, 0, 5, 18, 0, 27, 0, 0, 0, 0, 0, 0, 4, 9
448.0, 92073, 89415, 2658, 0, 0, 32, 32, 0, 0, 5, 18, 0, 28, 0, 0, 0, 0, 0, 0, 4, 9
449.0, 92114, 89454, 2660, 0, 0, 31, 32, 0, 0, 4, 18, 0, 28, 0, 0, 0, 0, 0, 0, 4, 9
450.0, 92144, 89446, 2697, 0, 0, 31, 33, 0, 0, 4, 18, 0, 29, 0, 0, 0, 0, 0, 0, 4, 9
451.0, 92202, 89499, 2703, 0, 0, 31, 33, 0, 0, 4, 18, 0, 29, 0, 0, 0, 0, 0, 0, 4, 9
452.0, 92239, 89529, 2709, 0, 0, 31, 33, 0, 0, 4, 18, 0, 29, 0, 0, 0, 0, 0, 0, 4, 9
453.0, 92270, 89509, 2760, 0, 0, 31, 33, 0, 0, 4, 18, 0, 29, 0, 0, 0, 0, 0, 0, 4, 9
454.0, 92330, 89569, 2760, 0, 0, 31, 33, 0, 0, 4, 18, 0, 29, 0, 0, 0, 0, 0, 0, 4, 9
455.0, 92367, 89578, 2788, 0, 0, 33, 33, 0, 0, 6, 18, 0, 29, 0, 0, 0, 0, 0, 0, 4, 9
456.0, 92396, 89607, 2788, 0, 0, 33, 33, 0, 0, 6, 18, 0, 29, 0, 0, 0, 0, 0, 0, 4, 9
457.0, 92410, 89619, 2791, 0, 0, 33, 33, 0, 0, 6, 18, 0, 29, 0, 0, 0, 0, 0, 0, 4, 9
458.0, 92474, 89617, 2857, 0, 0, 33, 34, 0, 0, 6, 18, 0, 29, 0, 0, 0, 0, 0, 0, 5, 9
459.0, 92509, 89640, 2869, 0, 0, 33, 34, 0, 0, 6, 18, 0, 29, 0, 0, 0, 0, 0, 0, 5, 9
460.0, 92579, 89670, 2908, 0, 0, 33, 34, 0, 0, 6, 18, 0, 29, 0, 0, 0, 0, 0, 0, 5, 9
461.0, 92661, 89704, 2957, 0, 0, 33, 34, 0, 0, 6, 18, 0, 29, 0, 0, 0, 0, 0, 0, 5, 9
462.0, 92704, 89734, 2969, 0, 0, 33, 34, 0, 0, 6, 18, 0, 29, 0, 0, 0, 0, 0, 0, 5, 9
463.0, 92726, 89751, 2975, 0, 0, 33, 34, 0, 0, 6, 18, 0, 29, 0, 0, 0, 0, 0, 0, 5, 9
464.1, 92787, 89811, 2975, 0, 0, 33, 34, 0, 0, 6, 18, 0, 29, 0, 0, 0, 0, 0, 0, 5, 9
465.0, 92802, 89826, 2975, 0, 0, 33, 34, 0, 0, 6, 18, 0, 29, 0, 0, 0, 0, 0, 0, 5, 9
466.0, 92802, 89826, 2975, 0, 0, 33, 34, 0, 0, 6, 18, 0, 29, 0, 0, 0, 0, 0, 0, 5, 9
467.0, 92811, 89829, 2981, 0, 0, 33, 34, 0, 0, 6, 18, 0, 29, 0, 0, 0, 0, 0, 0, 5, 9
468.1, 92858, 89843, 3014, 0, 0, 33, 35, 0, 0, 6, 18, 0, 30, 0, 0, 0, 0, 0, 0, 5, 9
469.0, 92954, 89899, 3054, 0, 0, 34, 34, 0, 0, 6, 18, 0, 30, 0, 0, 0, 0, 0, 0, 4, 10
470.0, 92958, 89873, 3084, 0, 0, 34, 34, 0, 0, 6, 18, 0, 30, 0, 0, 0, 0, 0, 0, 4, 10
471.0, 93047, 89930, 3117, 0, 0, 34, 35, 0, 0, 6, 18, 0, 31, 0, 0, 0, 0, 0, 0, 4, 10
472.0, 94967, 91846, 3120, 0, 0, 34, 35, 0, 0, 6, 18, 0, 31, 0, 0, 0, 0, 0, 0, 4, 10
473.0, 94984, 91860, 3123, 0, 0, 34, 35, 0, 0, 6, 18, 0, 31, 0, 0, 0, 0, 0, 0, 4, 10
474.0, 94969, 92008, 2960, 0, 0, 34, 34, 0, 0, 6, 18, 0, 30, 0, 0, 0, 0, 0, 0, 4, 10
475.0, 94984, 92024, 2960, 0, 0, 34, 34, 0, 0, 6, 18, 0, 30, 0, 0, 0, 0, 0, 0, 4, 10
476.0, 95034, 92073, 2960, 0, 0, 34, 34, 0, 0, 6, 18, 0, 30, 0, 0, 0, 0, 0, 0, 4, 10
477.0, 95074, 92108, 2966, 0, 0, 34, 33, 0, 0, 6, 18, 0, 29, 0, 0, 0, 0, 0, 0, 4, 10
478.0, 95164, 92198, 2966, 0, 0, 34, 33, 0, 0, 6, 18, 0, 29, 0, 0, 0, 0, 0, 0, 4, 10
479.1, 95128, 92239, 2889, 0, 0, 34, 33, 0, 0, 6, 18, 0, 29, 0, 0, 0, 0, 0, 0, 4, 10
480.0, 95215, 92326, 2889, 0, 0, 34, 31, 0, 0, 6, 18, 0, 27, 0, 0, 0, 0, 0, 0, 4, 10
481.0, 95269, 92358, 2910, 0, 0, 34, 31, 0, 0, 6, 18, 0, 27, 0, 0, 0, 0, 0, 0, 4, 10
482.0, 95211, 92364, 2846, 0, 0, 34, 31, 0, 0, 6, 18, 0, 27, 0, 0, 0, 0, 0, 0, 4, 10
483.0, 95384, 92485, 2898, 0, 0, 34, 33, 0, 0, 6, 18, 0, 29, 0, 0, 0, 0, 0, 0, 4, 10
484.1, 95459, 92510, 2949, 0, 0, 34, 33, 0, 0, 6, 18, 0, 29, 0, 0, 0, 0, 0, 0, 4, 10
485.0, 95370, 92569, 2801, 0, 0, 34, 32, 0, 0, 6, 18, 0, 28, 0, 0, 0, 0, 0, 0, 4, 10
486.0, 95370, 92569, 2801, 0, 0, 34, 32, 0, 0, 6, 18, 0, 28, 0, 0, 0, 0, 0, 0, 4, 10
487.0, 95500, 92700, 2800, 0, 0, 34, 32, 0, 0, 6, 18, 0, 28, 0, 0, 0, 0, 0, 0, 4, 10
488.0, 95573, 92771, 2801, 0, 0, 34, 32, 0, 0, 6, 18, 0, 28, 0, 0, 0, 0, 0, 0, 4, 10
489.0, 95567, 92759, 2807, 0, 0, 34, 32, 0, 0, 6, 18, 0, 28, 0, 0, 0, 0, 0, 0, 4, 10
490.0, 95585, 92858, 2727, 0, 0, 34, 32, 0, 0, 6, 18, 0, 28, 0, 0, 0, 0, 0, 0, 4, 10
